Mean,SD,Skew,Mean_Sim,SD_Sim,Skew_Sim,Median_RI_Score
-5,0.5,-5,-5,0.503352521135218,-5.1497537848939,0.276566238190247
-4,0.5,-5,-4,0.483892964453437,-4.48726797663465,0.445984748083892
-3,0.5,-5,-3,0.517629487868131,-5.80557623907788,0.64486125919251
-2,0.5,-5,-2,0.518393267871625,-5.25740429628675,0.833941382710727
-1,0.5,-5,-1,0.496416102685736,-4.44606470413548,0.964402170294444
0,0.5,-5,-0.187124958621209,0.477326694411492,-5.01739796766509,0.999994797153525
1,0.5,-5,1,0.518878237783015,-5.60429329558362,0.923452980820742
2,0.5,-5,2,0.491068977290688,-4.57670781166513,0.765692477880934
3,0.5,-5,3,0.486997302028102,-4.55972054785636,0.568334183167924
4,0.5,-5,4,0.487485219832697,-4.96683712882496,0.377125940234947
5,0.5,-5,5,0.493362333927514,-4.88307780423306,0.224206741463687
-5,1,-5,-5,0.977591460607823,-4.49522725132042,0.305087265960407
-4,1,-5,-4,0.990154435546133,-4.64945725409631,0.482769759300132
-3,1,-5,-3,0.979947371083719,-5.032123288526,0.681652541824367
-2,1,-5,-2,1.0201991701566,-4.92157098096282,0.864945726494321
-1,1,-5,-1,0.989706987146863,-4.76641043205336,0.978455224199564
0,1,-5,-0.400562798389962,0.998170839033971,-5.06322748243112,0.999977739404396
1,1,-5,1,0.976097061012628,-5.20981800733853,0.90020989341052
2,1,-5,2,0.932764806596194,-4.48539584252612,0.73157712149174
3,1,-5,3,1.00989033410373,-4.77022617661112,0.528177141472485
4,1,-5,4,0.98181015237217,-4.54971138106368,0.344430706986868
5,1,-5,5,1.03730620693129,-5.16908745406133,0.199875762917137
-5,2,-5,-5,2.09927670406822,-5.1164451450344,0.371666984417302
-4,2,-5,-4,1.92249889175857,-5.35247929779374,0.55078843624196
-3,2,-5,-3,2.11763859291601,-5.09775681416645,0.760900820159007
-2,2,-5,-2,2.02096661303461,-5.16749021046253,0.918005694334513
-1,2,-5,-0.773937037919704,1.95874184017334,-5.37265845041459,0.999922751531057
0,2,-5,3.25948578024093e-17,1.91747994508595,-4.77235527006442,0.96655289270875
1,2,-5,1,1.95106866359677,-4.63912854881796,0.83950023090093
2,2,-5,2,2.09896971541313,-5.50011432002082,0.650226701152896
3,2,-5,3,1.96483674703043,-4.64748387331063,0.454176341886868
4,2,-5,4,1.93907664889588,-4.77761489851747,0.286866482550632
5,2,-5,5,2.05038803801466,-4.80783513840401,0.156506296864048
-5,3,-5,-5,3.03319969992948,-5.99630185429061,0.431752819264903
-4,3,-5,-4,2.94975785816265,-4.97433413627787,0.633453202638062
-3,3,-5,-3,2.87317313863964,-5.01745530085964,0.814584305695228
-2,3,-5,-2,3.10821328002103,-4.8293295292183,0.96425138504188
-1,3,-5,-1.22677933707745,3.12456146793728,-4.84582363747264,0.999802797195007
0,3,-5,2.93417254468992e-17,2.91234804913622,-4.70972710772578,0.924923381868871
1,3,-5,1,3.19585418437461,-5.07796023829553,0.757775644924532
2,3,-5,2,3.02156471491277,-4.84029372939072,0.571146387469747
3,3,-5,3,2.86393971921186,-4.78304190547447,0.387963341498023
4,3,-5,4,2.86663470770093,-4.39740686548511,0.232269935131234
5,3,-5,5,2.70782365842867,-4.84091309047185,0.129847825423608
-5,4,-5,-5,4.07466367007257,-5.64415447738835,0.505248785078163
-4,4,-5,-4,3.9942219761605,-5.39062140811436,0.705999826151551
-3,4,-5,-3,3.71591416161626,-4.61990038517461,0.870347518182369
-2,4,-5,-1.62089580294813,4.09335550065668,-5.19968171946882,0.999648255816325
-1,4,-5,-1,3.92934226001611,-4.55313314826945,0.980048704963594
0,4,-5,7.29569128634505e-17,3.8909844804179,-4.67587002674506,0.872119586430138
1,4,-5,1,3.93454001698348,-5.43962681406227,0.69874268754013
2,4,-5,2,4.18967088232978,-5.24276669514889,0.48259894758849
3,4,-5,3,3.90771216686201,-4.93265782689068,0.320234302033042
4,4,-5,4,3.9853559178687,-4.71422199292667,0.17933918767821
5,4,-5,5,3.84881114893884,-4.70747963816542,0.0940277685126167
-5,5,-5,-5,5.37630751440768,-5.05805784918082,0.609818599723228
-4,5,-5,-4,4.99669606380627,-4.82868562098205,0.782345305558595
-3,5,-5,-3,5.00882107709787,-4.8187177314282,0.934999735116163
-2,5,-5,-1.95998623161772,5.12453615373729,-5.74150427607961,0.999460867623259
-1,5,-5,-1,5.01044522136548,-5.4997891146909,0.948501883678838
0,5,-5,5.58306872955327e-17,4.87602221920585,-4.81121111191422,0.813848737137725
1,5,-5,1,4.92370623334968,-5.16962929447991,0.624333447783285
2,5,-5,2,4.81468975324351,-4.56695181835709,0.423286198844676
3,5,-5,3,4.77600995484791,-4.70321108106995,0.26466869206496
4,5,-5,4,4.92566779912357,-4.91380837080392,0.146995924373055
5,5,-5,5,4.95431060515978,-5.43897046057891,0.0720521900223067
-5,6,-5,-5,5.91886607857633,-4.78721188467233,0.659492589389832
-4,6,-5,-4,5.85074462195974,-5.25258306035053,0.83240354525703
-3,6,-5,-3,6.12248437067115,-5.69291744476538,0.972320087822745
-2,6,-5,-2.48032615445541,6.22419037182544,-5.02933877487196,0.998958690221023
-1,6,-5,-1,6.04599790177051,-4.77612612796344,0.895169033864914
0,6,-5,1.77950709723262e-16,6.49672999770801,-5.00985023249817,0.69834844499478
1,6,-5,1,5.99562774670002,-4.84848890385856,0.533920137078615
2,6,-5,2,6.29460448599591,-6.08914253042679,0.351954427342798
3,6,-5,3,5.85979051676074,-4.47550891241865,0.205943232606711
4,6,-5,4,5.88019782795757,-4.90902838438697,0.106392038539985
5,6,-5,5,5.86257051168105,-4.78923715959134,0.0519369708689449
-5,0.5,-4,-5,0.50333162368445,-4.17730931847612,0.279117870542815
-4,0.5,-4,-4,0.486688540753846,-3.89969212743333,0.448893415700008
-3,0.5,-4,-3,0.507219740101205,-3.90726915026023,0.648685863209674
-2,0.5,-4,-2,0.479050625120898,-3.79911248471981,0.835205593239019
-1,0.5,-4,-1,0.495129759818628,-4.18720906548598,0.96534958007004
0,0.5,-4,-0.24614607977545,0.487275174798047,-3.71374791787339,0.999901947534705
1,0.5,-4,1,0.512684007251405,-3.92321402692756,0.921208650521504
2,0.5,-4,2,0.497568844412168,-3.92742492312509,0.763173016545382
3,0.5,-4,3,0.496766776324816,-4.06822993331256,0.5643997526924
4,0.5,-4,4,0.500271480854579,-3.77573603200882,0.374188582700631
5,0.5,-4,5,0.509308107330312,-4.01524288325418,0.221331401641911
-5,1,-4,-5,0.984344120754061,-3.88809802197795,0.309444498156256
-4,1,-4,-4,0.996266979817511,-3.87132741651187,0.489165006464392
-3,1,-4,-3,0.965718733362857,-3.84325380138943,0.686980176958175
-2,1,-4,-2,1.02938938403878,-3.90328492752184,0.872327459824149
-1,1,-4,-0.505007351300959,1.02346873782269,-3.97625150776974,0.999591108536668
0,1,-4,-0.497347426518466,1.01799453908161,-4.11025219303199,0.999621694318668
1,1,-4,1,1.0007065403555,-3.64077340004507,0.890125866226494
2,1,-4,2,1.01272383478694,-4.01758503771197,0.722278546770301
3,1,-4,3,1.01366024175654,-3.87569668195938,0.522218078660513
4,1,-4,4,0.981178449799653,-3.50983451677709,0.338925338267396
5,1,-4,5,0.961902334433075,-3.74703217628133,0.197434889234842
-5,2,-4,-5,1.95679592793904,-3.92374205721319,0.377335045497517
-4,2,-4,-4,2.07763946260033,-3.8293829526383,0.578207645032297
-3,2,-4,-3,1.939534063847,-3.90829820781153,0.765269865236107
-2,2,-4,-2,2.06231201090281,-4.08045270248409,0.929818034547792
-1,2,-4,-0.961840050991863,1.94521698549554,-4.1156695221477,0.998518666148825
0,2,-4,4.47555404195499e-18,2.00151082240255,-4.22295188678412,0.951002221122593
1,2,-4,1,1.96156751181511,-4.03919384049975,0.822631971050122
2,2,-4,2,2.0348995533991,-3.92410204774487,0.630584260715987
3,2,-4,3,1.89364610083881,-3.73757718271871,0.445261100245968
4,2,-4,4,1.99967429414888,-4.01508046277834,0.272584482986922
5,2,-4,5,1.96691985573602,-4.0349738518294,0.152806673713119
-5,3,-4,-5,3.11903265866188,-4.66758463418843,0.458624038392163
-4,3,-4,-4,3.09599831645847,-3.98478750153908,0.660823667577776
-3,3,-4,-3,2.90996572283435,-3.5046885951585,0.842537137417775
-2,3,-4,-1.50096172426186,3.00449616254106,-4.12646306895802,0.996183136224127
-1,3,-4,-1,3.01941808333671,-3.74612687059739,0.985312422962434
0,3,-4,-2.73926280963677e-17,3.10162426610474,-3.99663316176063,0.888813899690057
1,3,-4,1,2.97896057660757,-3.97361214152333,0.731854082976784
2,3,-4,2,3.07574254415206,-4.13407974848084,0.532494568759711
3,3,-4,3,2.98652553032817,-3.70136485966855,0.352330036687748
4,3,-4,4,2.87528439402936,-3.90461539843952,0.216580439735157
5,3,-4,5,2.99966811240915,-4.14509518988655,0.113299711594518
-5,4,-4,-5,4.16532135024884,-4.37541306942902,0.545676935755307
-4,4,-4,-4,4.15298440519873,-3.9828446238434,0.755242735509408
-3,4,-4,-3,4.12852399108645,-3.80528022162069,0.913059204106449
-2,4,-4,-1.99802704560687,3.87756746137502,-3.74568578334608,0.992695498181797
-1,4,-4,-1,3.83104405454809,-3.81926060448462,0.951903707533504
0,4,-4,1.25350988269823e-16,4.16354574444193,-4.17414169456448,0.803324419160892
1,4,-4,1,4.06350000589872,-4.04551152993208,0.628314020313083
2,4,-4,2,3.95667624894138,-4.06328562783364,0.458610317856422
3,4,-4,3,3.98816241056767,-3.94138171297231,0.278298461993024
4,4,-4,4,3.90390675046055,-3.91349445546428,0.163263160453521
5,4,-4,5,3.91015806516269,-3.96268706902808,0.084128826030803
-5,5,-4,-5,4.93621639164265,-4.11558683132631,0.617036395937829
-4,5,-4,-4,4.90777383492122,-3.82270276067696,0.810042989554366
-3,5,-4,-2.51803861239964,5.10434491347208,-4.1202662662023,0.990055728570843
-2,5,-4,-2.47467105434371,5.03065539590132,-4.01554707364407,0.98995645396093
-1,5,-4,-1,4.90637519476247,-3.96339461590557,0.892289743445348
0,5,-4,5.41440156598405e-17,4.97120409266118,-3.95930718692424,0.729291531296213
1,5,-4,1,4.94663916464022,-3.98076242856859,0.538139204372278
2,5,-4,2,5.01055401853994,-4.09538387765258,0.363042149946946
3,5,-4,3,4.90232392875738,-3.91060682098075,0.219765724427026
4,5,-4,4,5.00149506964974,-4.0234918893043,0.118396348562631
5,5,-4,5,4.93950674738228,-3.80745179748942,0.0579940473085245
-5,6,-4,-5,5.65911878426399,-3.91795977840145,0.677377213467377
-4,6,-4,-4,5.99456985979921,-4.10549638441387,0.87865525315653
-3,6,-4,-2.9077956831938,5.87567771285414,-4.23378011835623,0.986937286491192
-2,6,-4,-2,6.28626327633941,-4.49464220636948,0.944102101045726
-1,6,-4,-1,5.72898215294038,-3.68971355466118,0.824821150656533
0,6,-4,1.37046537312946e-16,5.90434700132678,-3.92546487912528,0.63704109890903
1,6,-4,1,5.87851075537405,-3.60514626465855,0.440661665052661
2,6,-4,2,5.75601532472901,-3.62722883279301,0.282110898293983
3,6,-4,3,5.90027274321185,-4.00313185431463,0.166625584747704
4,6,-4,4,6.08027447200164,-3.99805056526719,0.081437741019051
5,6,-4,5,5.67208319537641,-3.53288276001643,0.0426687808780603
-5,0.5,-3,-5,0.500540378608435,-2.92797894948789,0.278214090204553
-4,0.5,-3,-4,0.516608241620541,-3.29417300547239,0.448775849907404
-3,0.5,-3,-3,0.496111762585286,-2.9405830694086,0.646405089363868
-2,0.5,-3,-2,0.504085791559294,-3.16293291603398,0.834812697556591
-1,0.5,-3,-1,0.485154734620607,-3.03360342540356,0.964137466207368
0,0.5,-3,-0.333408241104817,0.509209053778349,-3.15011688366313,0.999005120613789
1,0.5,-3,1,0.488060837883792,-3.05090427455351,0.923941266826657
2,0.5,-3,2,0.51879226324548,-3.26042190786656,0.763753996827399
3,0.5,-3,3,0.497044295342074,-2.82935219822873,0.566662849799375
4,0.5,-3,4,0.513634293263224,-2.98087816516412,0.374777538770217
5,0.5,-3,5,0.491237935341169,-2.80917430038715,0.223374146981708
-5,1,-3,-5,1.00308716097782,-3.03124980992409,0.308488903319647
-4,1,-3,-4,1.01305823405152,-3.09589964312614,0.485091471987086
-3,1,-3,-3,1.02320770998851,-3.18656922685332,0.687928982653357
-2,1,-3,-2,0.986748795519359,-2.90151517285383,0.866549923760002
-1,1,-3,-0.667618247097038,1.01435168157565,-3.14480622412761,0.995815330259391
0,1,-3,-6.18678285685403e-19,1.01017095770267,-3.07102383572556,0.982143160879713
1,1,-3,1,0.969811225948735,-3.05236642535086,0.89335402752158
2,1,-3,2,1.02013205859197,-2.85433364626223,0.723085291831234
3,1,-3,3,1.02228296571416,-3.05698258059056,0.525368701985639
4,1,-3,4,0.994964744073768,-2.88279997979827,0.341623274095342
5,1,-3,5,1.00783157910108,-3.08200573293996,0.197334591274121
-5,2,-3,-5,2.05115043242833,-3.19519124615719,0.376029597197812
-4,2,-3,-4,2.01602575176535,-3.05606924130964,0.565144654359653
-3,2,-3,-3,2.00515127093108,-2.87376873193776,0.763690635530827
-2,2,-3,-2,2.06858287614583,-3.1476128556352,0.924153712292713
-1,2,-3,-1.35780588993753,2.09536976273378,-3.31339315399258,0.984802223608418
0,2,-3,-8.1552017743014e-17,1.91613867582392,-2.80742949154499,0.934942324649106
1,2,-3,1,2.01903783145112,-2.90162350869955,0.805400721397278
2,2,-3,2,2.01451383400837,-2.91400435615949,0.627238010898096
3,2,-3,3,2.0828233215422,-3.12673459709759,0.434475859547267
4,2,-3,4,2.00413397130834,-2.99198932946396,0.273695146617923
5,2,-3,5,1.92732809883528,-2.74686996346401,0.156483388427647
-5,3,-3,-5,2.99589083743826,-2.88360551919864,0.448419525173038
-4,3,-3,-4,2.95435854516338,-2.96712575433741,0.641488031107004
-3,3,-3,-3,3.04791170229328,-3.21494143783441,0.831559756260086
-2,3,-3,-1.99395799094792,3.01968488026764,-3.0587310414924,0.965824952513387
-1,3,-3,-1,3.01054643179115,-2.88352833699141,0.95466668244083
0,3,-3,9.7181485948783e-17,3.02524593888894,-2.88530491150439,0.848308984303606
1,3,-3,1,2.89689032616364,-2.77685104137065,0.704528011771308
2,3,-3,2,2.96421175358457,-2.80092959652105,0.524338674354647
3,3,-3,3,3.10113645607994,-2.95216507421334,0.346275973439477
4,3,-3,4,2.9778603304598,-3.02981921088775,0.215691824154333
5,3,-3,5,2.99928935194464,-2.79229598160248,0.112814322739117
-5,4,-3,-5,4.07008679173396,-3.36178645091902,0.524762106290726
-4,4,-3,-4,3.97694205288763,-2.84918519068273,0.725956664775548
-3,4,-3,-2.66245393243182,4.00546415871187,-3.02560062951766,0.937309026648361
-2,4,-3,-2,3.92970207788153,-3.08000175815891,0.980108041010678
-1,4,-3,-1,3.98058937256664,-3.01252465862433,0.886519674576257
0,4,-3,7.73443808999019e-18,3.91041921319315,-2.88061147327774,0.754472218925616
1,4,-3,1,3.91934889187945,-2.93553034372663,0.586141735066555
2,4,-3,2,4.021484024518,-2.85216964138501,0.413716354788256
3,4,-3,3,3.98602553556668,-2.98909059454925,0.273527674314241
4,4,-3,4,3.95451825238697,-3.2110480665038,0.166971061621214
5,4,-3,5,3.91876363059254,-2.91751432618924,0.0844859688874385
-5,5,-3,-5,4.99865282025158,-2.83724850322557,0.606979573981139
-4,5,-3,-4,5.08218906179774,-2.95006812355559,0.810199083770708
-3,5,-3,-3.29804373293662,5.00361678563477,-3.23480869315133,0.901513596851598
-2,5,-3,-2,5.19365790401852,-3.13092084477449,0.904967325576564
-1,5,-3,-1,5.06510678372891,-3.18464034172454,0.789822085133332
0,5,-3,9.62827040318359e-17,5.0388145279693,-3.11205138965391,0.642074222582594
1,5,-3,1,4.86027963679291,-2.76256182517007,0.478224131145587
2,5,-3,2,5.0276263415886,-2.96843278982317,0.32441503292576
3,5,-3,3,5.24289812254974,-3.2031878872082,0.193681010034404
4,5,-3,4,4.87570803366398,-2.81801937030576,0.112902262587902
5,5,-3,5,5.06816514862171,-2.7472105701145,0.0508225960911
-5,6,-3,-5,5.91936404783666,-2.97314001350095,0.674822552575377
-4,6,-3,-4.02045449964267,6.08367126070048,-2.88178133461428,0.862872695135599
-3,6,-3,-3,5.85062682995094,-2.74725357030255,0.94856827993253
-2,6,-3,-2,5.97989795502857,-3.14532409116021,0.836671510373279
-1,6,-3,-1,6.04847929244583,-2.91480190709423,0.662031773940869
0,6,-3,1.1969171313797e-16,5.91587512366041,-2.9202854782879,0.535856968540075
1,6,-3,1,5.91528606054813,-2.72191319005674,0.365066133252764
2,6,-3,2,5.8565729635695,-3.20136516897771,0.251219975144401
3,6,-3,3,5.99510909783491,-2.95580764854307,0.139681689585241
4,6,-3,4,6.05414206445048,-3.01783650580637,0.0751692126856774
5,6,-3,5,5.98985013077331,-2.93099204154031,0.0356117895758085
-5,0.5,-2,-5,0.507715565007129,-2.06484441526979,0.272191654119014
-4,0.5,-2,-4,0.510485944411106,-1.96261856088789,0.440340053270053
-3,0.5,-2,-3,0.497025634439623,-2.00432590526824,0.636446394670174
-2,0.5,-2,-2,0.503304380566332,-1.98853415193095,0.827985436862908
-1,0.5,-2,-1,0.488400163435792,-1.85443959632444,0.960731859749934
0,0.5,-2,-0.498922420445936,0.499910984728176,-1.99192499922228,0.993498736829381
1,0.5,-2,1,0.500863996504921,-1.90474765169482,0.927883309169978
2,0.5,-2,2,0.507792106102935,-1.96417266376823,0.772003026264332
3,0.5,-2,3,0.500063568971702,-2.01442406647679,0.575463905999952
4,0.5,-2,4,0.49730266878501,-2.03171352383521,0.384289410045244
5,0.5,-2,5,0.521405625298123,-2.12100791409049,0.227920346362744
-5,1,-2,-5,0.984766798631437,-1.97737598618719,0.293434751316482
-4,1,-2,-4,1.00187580309828,-2.09175238451615,0.469201086224589
-3,1,-2,-3,0.980473168994062,-1.96701278260544,0.665509893500463
-2,1,-2,-2,0.984202459301409,-2.02056670256851,0.851047904081243
-1,1,-2,-1.00445828065551,1.00295955976825,-2.05559842437217,0.973081866843674
0,1,-2,-6.78454796683436e-17,1.01044981989062,-1.92217621608978,0.977601569982467
1,1,-2,1,1.0096258287142,-2.01713889450409,0.900062643766752
2,1,-2,2,0.989550665204519,-1.99129421767913,0.743130154872939
3,1,-2,3,0.99180761333745,-1.90739280960573,0.544942281696776
4,1,-2,4,0.986360763459643,-1.94784755368536,0.359580238606691
5,1,-2,5,0.975921128634267,-1.94804536624147,0.210616581688419
-5,2,-2,-5,1.94563634903432,-1.83944065106172,0.338099685389116
-4,2,-2,-4,2.00408796691448,-2.07169688554678,0.529976296540868
-3,2,-2,-3,2.00712397568313,-1.99307498582482,0.730980169170255
-2,2,-2,-2.00838800429355,2.00338431659002,-1.97655324193355,0.89701301765003
-1,2,-2,-1,1.96351558469125,-1.93498015953553,0.964631151484573
0,2,-2,-1.38777878078145e-17,2.01187561184058,-1.98460395023138,0.912632094087288
1,2,-2,1,1.96141173406006,-1.98224078058028,0.818197303917168
2,2,-2,2,1.98507995377196,-2.04665332988159,0.657026083753761
3,2,-2,3,1.95867685175113,-1.91852315339161,0.478408609688614
4,2,-2,4,1.95418530630574,-1.86563305112815,0.303601188033617
5,2,-2,5,1.99069779550372,-1.91323485264554,0.173941715230579
-5,3,-2,-5,3.01469294252567,-2.09132116550258,0.391710254970679
-4,3,-2,-4,3.00119245561146,-2.04443713697242,0.582074622645249
-3,3,-2,-2.97343275142705,2.99364692405001,-1.99886980165505,0.794747549691355
-2,3,-2,-2,3.03389530983946,-1.96531076194435,0.938704169175255
-1,3,-2,-1,3.05315595775295,-1.94072590155353,0.893934762654521
0,3,-2,2.46792950658881e-16,2.95891155678493,-1.92567769436705,0.821946270529867
1,3,-2,1,2.94256409826368,-1.94246378168027,0.708016397333034
2,3,-2,2,2.9802192241427,-2.07617532394022,0.557247050817831
3,3,-2,3,2.96743313979495,-1.90122320395446,0.394970236272356
4,3,-2,4,3.0771665032586,-2.08197885110329,0.23857020153006
5,3,-2,5,3.00759909984734,-2.09311119662483,0.136875173755529
-5,4,-2,-5,3.96121200801331,-2.10394074233717,0.445522573671867
-4,4,-2,-3.98252059210511,3.96194117960982,-1.90200040327417,0.650609078231798
-3,4,-2,-3,3.92953025329976,-1.93022405577672,0.830325206017153
-2,4,-2,-2,4.02677386462019,-2.02252862394599,0.869071682624343
-1,4,-2,-1,3.95599353069049,-2.10133612332333,0.799318315656093
0,4,-2,2.06481294735827e-16,4.02119221304651,-1.97589322693773,0.696151567348515
1,4,-2,1,4.08233576177702,-2.01545464570588,0.563134640119184
2,4,-2,2,4.12406997095111,-2.05358133486276,0.427360559395853
3,4,-2,3,4.02758947998144,-1.97249809107563,0.29610061690629
4,4,-2,4,4.01655225748248,-1.98655698484016,0.184680999339084
5,4,-2,5,4.01611403383152,-2.01874097065314,0.103012908497087
-5,5,-2,-5.0217148743819,4.98238187981434,-2.00818955965391,0.506399929229273
-4,5,-2,-4,4.90848780394021,-1.86189629797609,0.70586344413229
-3,5,-2,-3,4.91456094516468,-1.88097589654265,0.830038812269989
-2,5,-2,-2,5.03888947136716,-1.93937547883196,0.750266322633736
-1,5,-2,-1,4.95402671124748,-1.89853579563686,0.67077720127211
0,5,-2,2.90205359743112e-17,5.01918965672466,-1.99495507174615,0.573277813502941
1,5,-2,1,4.96486525086209,-2.03989685081398,0.459965516593143
2,5,-2,2,5.12356189334093,-2.03279513665947,0.320015365018782
3,5,-2,3,4.91554321976731,-1.94589880602617,0.230161634988571
4,5,-2,4,5.05576526116789,-2.04292136165351,0.137774810640661
5,5,-2,5,5.10801904091622,-1.94380187507386,0.0667945891308375
-5,6,-2,-5,5.78419035530464,-1.86272232648759,0.563442721917208
-4,6,-2,-4,5.89277230716331,-2.01678634586411,0.766528006392601
-3,6,-2,-3,5.96676571037704,-1.86967892336311,0.722395986951072
-2,6,-2,-2,5.89655129675362,-1.96833976675217,0.646433067692314
-1,6,-2,-1,6.03551366541276,-1.95500437727274,0.537039762299138
0,6,-2,4.63387054422393e-16,5.94801841275459,-1.91339853443356,0.437464343166797
1,6,-2,1,5.99750784866509,-1.91252316751734,0.341531058767109
2,6,-2,2,5.92955522020387,-2.00231320839706,0.241559251002929
3,6,-2,3,5.93043402912627,-1.91819410111258,0.15463980685863
4,6,-2,4,5.90044612046226,-1.9011839325031,0.0957110630568285
5,6,-2,5,6.02862779424815,-2.06138720063446,0.0466659634326417
-5,0.5,-1,-5,0.500896837860861,-1.01659306281741,0.26081611942366
-4,0.5,-1,-4,0.499524858042459,-0.981608964977136,0.425922363427571
-3,0.5,-1,-3,0.505983128790459,-0.980145602721772,0.623797048061703
-2,0.5,-1,-2,0.497348774939016,-1.01111733427006,0.815480896581173
-1,0.5,-1,-1.00333365538566,0.503294962182884,-1.01934576786865,0.954568391904216
0,0.5,-1,-8.92180840111282e-17,0.505025038681902,-1.07824421053708,0.993908688219112
1,0.5,-1,1,0.506920510978799,-1.05858109722731,0.935874614384579
2,0.5,-1,2,0.50138077106412,-0.971841064195155,0.786834370499016
3,0.5,-1,3,0.49820704308206,-1.02940045790099,0.589668176125004
4,0.5,-1,4,0.50747062326016,-1.04809751280473,0.395296783738996
5,0.5,-1,5,0.504359152026543,-0.986880864539991,0.238784547167334
-5,1,-1,-5,1.00535510707695,-1.0055324238619,0.271764843379434
-4,1,-1,-4,0.99112948746858,-0.996891131224817,0.439183456777228
-3,1,-1,-3,1.01297745682971,-0.991676494015127,0.641981234847448
-2,1,-1,-1.99754662832967,1.00467295964066,-1.03628651531856,0.831645298965338
-1,1,-1,-1,1.00496151549672,-1.00759994865103,0.962180940098458
0,1,-1,-8.89959655449302e-17,0.996389099214128,-1.02670673316816,0.975690221259955
1,1,-1,1,0.994318936958631,-1.03501160469079,0.919111517310935
2,1,-1,2,1.01497797701614,-1.02509495900394,0.767920407635706
3,1,-1,3,0.998794071963702,-0.99330502297893,0.574833217241799
4,1,-1,4,1.00163402061608,-0.957299839081082,0.383837173818329
5,1,-1,5,0.996578346024396,-1.03677560630818,0.22712010076424
-5,2,-1,-5,2.01715510385258,-1.01899050253244,0.296729598706553
-4,2,-1,-3.99012704914246,2.00468278192773,-0.943085762890891,0.472242548980115
-3,2,-1,-3,1.98926796296595,-1.01224473371718,0.669714618147976
-2,2,-1,-2,1.99471629926146,-0.955106870497726,0.856539827159025
-1,2,-1,-1,2.00748429047045,-1.03720585412378,0.918902442834578
0,2,-1,2.39042336272477e-16,1.98051662788854,-0.959070096990561,0.905547017807753
1,2,-1,1,2.00514345876578,-1.00867060969311,0.839281686047209
2,2,-1,2,1.9950449308721,-0.972733243152887,0.712341643613872
3,2,-1,3,2.0211722028828,-1.00075035309674,0.533778346033336
4,2,-1,4,1.99206311262654,-1.01274053199099,0.354000707512463
5,2,-1,5,1.99496225980591,-0.976083969716954,0.207987796436524
-5,3,-1,-5,3.02130797380644,-1.02874798190839,0.31994108002049
-4,3,-1,-4,3.01321466955537,-0.981943170282269,0.501858267272947
-3,3,-1,-3,3.02858550481711,-0.992645306270005,0.703773844309996
-2,3,-1,-2,2.99057929584879,-1.00078796953547,0.821678266611766
-1,3,-1,-1,3.04990377926584,-0.975175750559407,0.825781326976699
0,3,-1,4.37557954278966e-16,2.97677411577938,-1.00963821627731,0.806216766917464
1,3,-1,1,2.98127793163329,-0.973814178494297,0.74064983062058
2,3,-1,2,3.0050605038692,-0.998626773248542,0.613937916301756
3,3,-1,3,3.04926956635475,-1.02693703958329,0.463011107999917
4,3,-1,4,2.97048612694019,-0.989763087069657,0.319275263999169
5,3,-1,5,2.9877874054466,-0.984703400848364,0.188588755541635
-5,4,-1,-5,3.97649978709957,-0.963608070074211,0.346349425619648
-4,4,-1,-4,3.99150971566099,-1.00473884188938,0.539305821790101
-3,4,-1,-3,4.0391616576248,-1.00127714187409,0.674122320245684
-2,4,-1,-2,3.99762034965446,-1.09043377639628,0.726962504129048
-1,4,-1,-1,4.0491836785069,-1.10229146283839,0.721191763447992
0,4,-1,-1.03606359602715e-16,4.00926949632967,-0.970341156036885,0.671203959957803
1,4,-1,1,3.95321314241673,-1.0019993339503,0.606286212665494
2,4,-1,2,4.01513867512171,-0.989907488412378,0.484927111107269
3,4,-1,3,3.98887334799558,-0.960110864011136,0.375586847434943
4,4,-1,4,3.96440211160847,-0.952325769576393,0.267623703488327
5,4,-1,5,4.03652710262331,-1.00077062514164,0.151461107364181
-5,5,-1,-5,5.11401203760535,-1.05472033662486,0.38227062358522
-4,5,-1,-4,4.95091036201207,-0.997753875831046,0.518924000529393
-3,5,-1,-3,5.03115390354028,-1.03640409983477,0.59626258313403
-2,5,-1,-2,4.97982939405525,-0.98653030358271,0.600165590604345
-1,5,-1,-1,4.9492893308591,-0.981462715970259,0.585943961108401
0,5,-1,-7.7615127866415e-16,4.91469815629717,-0.975371452587042,0.557771739565067
1,5,-1,0.999999999999999,4.96272717606276,-1.01152979054584,0.484214892033803
2,5,-1,2,4.93130890607935,-0.957292746816316,0.396015127426551
3,5,-1,3,4.9328613604127,-0.922164532194839,0.299031414188432
4,5,-1,4,5.05255102769941,-1.00101606238584,0.188544592977879
5,5,-1,5,5.02977358805082,-0.984541522277724,0.114323475624512
-5,6,-1,-5,5.93908460266896,-0.963152602156477,0.365001007689733
-4,6,-1,-4,5.95917375976877,-1.06417831424194,0.457799873468351
-3,6,-1,-3,5.96132892859585,-1.00298231010003,0.477389942695114
-2,6,-1,-2,6.07375091161922,-1.08797508572416,0.48175146022619
-1,6,-1,-1,5.98257867688118,-1.01148201135762,0.460951409010998
0,6,-1,2.65304575183811e-16,6.06682927222183,-1.0475774569664,0.399243780073519
1,6,-1,1,5.94256971386202,-0.955123427832611,0.343093839621302
2,6,-1,2,5.96554130660094,-0.989041317407697,0.288069541037563
3,6,-1,3,6.00836595762526,-0.927129942028759,0.205935844029942
4,6,-1,4,6.06989783070088,-1.05861284009602,0.141417119818959
5,6,-1,5,6.05277932241518,-1.04518798809508,0.0875179535361419
-5,0.5,0,-5.00083255048602,0.498921058330306,-0.00245965694835696,0.248977290362841
-4,0.5,0,-4.0045143142035,0.494198638344988,-0.00540153399497219,0.410951284122229
-3,0.5,0,-2.99275999111325,0.497443761435061,-0.000454907889706584,0.60792374281693
-2,0.5,0,-1.993013114374,0.49790949976698,-0.0241839435207761,0.802654593931036
-1,0.5,0,-1.00668111073259,0.505193688676539,-0.0147023495126626,0.945656820598699
0,0.5,0,-0.00951434188204078,0.501251198848495,-0.0389193990982747,0.993684005347824
1,0.5,0,1.006177822126,0.49721545525773,-0.0301942782976553,0.944654118943928
2,0.5,0,1.99625692097329,0.500315411882466,-0.00428285934893041,0.802834535964457
3,0.5,0,2.99155017852095,0.499616265426407,0.0175711093631802,0.609022861583107
4,0.5,0,3.99750211722524,0.498481832656623,0.0213795971838558,0.41222394212542
5,0.5,0,4.99981232872929,0.501361034243838,-0.0242118564992671,0.248549597030389
-5,1,0,-4.99930516930472,1.0043206627269,-0.0219954089325168,0.248621395746895
-4,1,0,-4.00807255494334,0.996782019655255,-0.0177766578651307,0.411087485612983
-3,1,0,-2.97698794439336,0.98998206074164,-0.0142245504321857,0.612460621984203
-2,1,0,-2.01506628024692,1.00301286295135,-0.0292085664528378,0.798716078038713
-1,1,0,-1.022857080179,0.99841002549476,-0.00662715785883239,0.93791265703086
0,1,0,-0.00246037832068816,1.00193592561223,0.0215689611105615,0.974764758140518
1,1,0,0.991828037228904,0.993232263814088,-0.0260549362236368,0.941602609291
2,1,0,2.00006622763935,0.986265436923839,-0.0223995976893838,0.800051701082309
3,1,0,2.99558926728397,1.00448881334011,-0.00791317679198426,0.608627719832294
4,1,0,4.00477994668826,1.00130695581288,0.0106994270812628,0.41030831463034
5,1,0,4.98950378762584,0.999305374719802,-0.0089857553352597,0.249661101745164
-5,2,0,-5.05960177928102,1.97183890673599,-0.0036911191016227,0.24229215357559
-4,2,0,-3.98797352070585,1.99953056369277,0.0129967110301459,0.412893056481952
-3,2,0,-3.03779751300139,2.0011765655401,0.00504867854206469,0.597115412492077
-2,2,0,-1.96845765741532,2.01185625036921,-0.0040673843061047,0.784094981403149
-1,2,0,-0.996911050559907,2.01558741822554,-0.0259011186559759,0.879111132652688
0,2,0,0.0264981396675627,2.00971679810059,-0.0186571335809309,0.902730553362277
1,2,0,1.00397322755484,1.98430674163577,-0.00425923803019654,0.880926610924692
2,2,0,2.01699599827025,2.00890696542016,0.0123545022826288,0.785172213071466
3,2,0,2.99854700804265,1.98926473298125,-0.0301011032519816,0.60173739046688
4,2,0,3.99652109307483,1.9972312982906,-0.0157167786220257,0.410494485827895
5,2,0,4.95818095845568,2.01569983273044,-0.0177398616293109,0.256036557711918
-5,3,0,-5.03216932723565,3.00085529464595,-0.00364277233253706,0.247742950821698
-4,3,0,-3.99298654856096,2.9968645205209,-0.00859063401086497,0.411480105454814
-3,3,0,-2.95584903354542,2.9792413679434,-0.0467988557007134,0.591245482030545
-2,3,0,-2.03521946080727,2.99077347853793,0.00420710553772745,0.699668189540198
-1,3,0,-0.983906072723058,3.0105052690534,0.00930389381249901,0.772188183606189
0,3,0,0.0717436324090639,2.99496552239404,0.00686782474857632,0.795507627118255
1,3,0,1.01779587329158,3.01725560928298,0.0451917988908019,0.780200794327633
2,3,0,1.99648552460205,2.97268194476649,0.0265400469490261,0.715405893411987
3,3,0,2.99795374478602,3.01431882032229,-0.00874701555915225,0.577735736327345
4,3,0,4.00738966921469,2.98327473954613,0.0333615075483311,0.407901829158522
5,3,0,5.00976149310107,2.99067714975732,0.0218430082171409,0.248322916882246
-5,4,0,-4.99942366519344,4.01474656263467,0.0125952102412398,0.237424981318691
-4,4,0,-3.99099500785029,4.0109452277372,0.0233097597185433,0.374819774813255
-3,4,0,-3.01884588201468,3.96581461878438,0.021474953485189,0.50324710736148
-2,4,0,-2.05729123198273,3.99470322463795,0.00555754040611667,0.595076421899818
-1,4,0,-0.993353936650515,3.98968685368857,-0.0294806318578495,0.656814745630364
0,4,0,0.00255447961700557,4.01208519037229,0.00579685329300577,0.661180657595759
1,4,0,0.982473330582916,3.96741162113285,0.0097372723571784,0.652893367852249
2,4,0,1.95840623067003,4.00137280398138,-0.0100130078986973,0.598079361765272
3,4,0,2.99353133272764,3.98368876425126,0.0213175824339297,0.498441141717358
4,4,0,4.01511646913016,3.97865022609791,0.0233127672280827,0.370052833960086
5,4,0,4.9551103461557,3.98928666766521,0.0325747696433662,0.249486892634186
-5,5,0,-4.99336565492008,5.00910497182508,0.0300427645493197,0.207211991779477
-4,5,0,-3.97947002955611,4.99507793565847,-0.0131226502016768,0.318498593525379
-3,5,0,-2.97054308941841,5.02302230777777,-0.00918203879097762,0.405041437014646
-2,5,0,-2.00807699511697,5.03812084094499,0.0108656846322159,0.474161481453557
-1,5,0,-1.07363596012416,4.99607771121504,0.0126171849810704,0.520053579059887
0,5,0,-0.0305103725841078,5.00551964275438,0.0304976788020398,0.539886971428678
1,5,0,0.970480636838017,5.01190461135686,0.00723478085494046,0.529005475229216
2,5,0,1.94533280332201,4.95976648720682,0.01014059761191,0.483213902467725
3,5,0,3.02464893826605,5.02368656403902,0.0119231219785863,0.409672174740382
4,5,0,3.94769947068681,5.02106245701234,0.00298638770554987,0.328296723757774
5,5,0,5.00626181293206,5.00493040339188,0.00742621405101603,0.216130636072304
-5,6,0,-5.0638411204564,5.98465655985399,-0.00708616643686955,0.16807418723184
-4,6,0,-4.02521606980994,5.95844166256129,-0.00957460487878333,0.239724980790187
-3,6,0,-2.89630834164904,5.96009184178783,-0.0432160785640378,0.329182664460898
-2,6,0,-1.95630884034066,6.00387801605609,0.0228982810853339,0.370087788766984
-1,6,0,-0.984993811826545,5.98963637145307,-0.000669083763836612,0.390337946531181
0,6,0,0.0223824111405429,5.98796368393671,0.0307454378371714,0.403574546153879
1,6,0,1.06899387217197,5.92470634645323,0.0388722886169997,0.401181996403734
2,6,0,1.96433243353871,5.9808742909363,0.0351892216466164,0.373461835139686
3,6,0,2.87081111162505,5.96886191032731,0.0657175930647763,0.326805094668008
4,6,0,3.986577403098,5.9162807057124,-0.00390735572938306,0.253614689356049
5,6,0,5.01799533191676,5.97245255921497,0.0242477760058461,0.177028603302253
-5,0.5,1,-5,0.499790422781815,0.959491976743871,0.238874904480074
-4,0.5,1,-4,0.502705104245797,0.963508291825149,0.396690420089075
-3,0.5,1,-3,0.499315166104607,1.0147525534469,0.59062940820354
-2,0.5,1,-2,0.495704979742059,1.00854339506828,0.785555871956578
-1,0.5,1,-1,0.494962554277888,0.944823230614168,0.936988982500058
0,0.5,1,2.61208318429879e-17,0.502080019059946,1.008913235806,0.993674499706432
1,0.5,1,0.993438134946566,0.495789407197917,0.994724761624513,0.955209401378128
2,0.5,1,2,0.490480105058197,0.964114001532403,0.815737483583194
3,0.5,1,3,0.489432420359382,0.946236239651441,0.622442358980382
4,0.5,1,4,0.499582054146742,1.00983232432151,0.426287174788779
5,0.5,1,5,0.50186234700943,0.963827110025138,0.260461915710297
-5,1,1,-5,0.996102276331233,0.917620362402537,0.228042530064126
-4,1,1,-4,1.00555485859503,1.00429874689129,0.379889646559573
-3,1,1,-3,0.99851395767008,0.927488655768074,0.57530150621579
-2,1,1,-2,1.00400702339177,0.977584990976778,0.772180858674369
-1,1,1,-1,1.016289070946,1.02762941085344,0.917349211806985
0,1,1,-8.59456819948812e-18,0.993567767420258,0.987439468724821,0.975832849927853
1,1,1,1,1.0152610237811,1.0543703666538,0.961639220386185
2,1,1,2.00292131571468,1.00399862611936,0.9775789392285,0.828325898904259
3,1,1,3,1.00796793240896,1.04872909867232,0.638725743516961
4,1,1,4,0.991828172934153,0.970961604968148,0.438928937550459
5,1,1,5,1.00936883008854,1.11350562506688,0.27417642516174
-5,2,1,-5,1.99752313019179,0.994878385730585,0.208904321159204
-4,2,1,-4,2.0227236748791,1.0452172529133,0.352139751554292
-3,2,1,-3,1.96696366144581,1.02232694144343,0.536623592578064
-2,2,1,-2,1.98941702658355,0.961449898061481,0.713515644165446
-1,2,1,-1,1.96177337439663,0.980368817964136,0.845947135785557
0,2,1,1.13041935295884e-16,1.98857104808634,0.97671231972426,0.905995663943466
1,2,1,1,1.97442355517047,0.986024727206412,0.922427497784883
2,2,1,2,1.98939145461405,0.982269423272578,0.856747504991314
3,2,1,3,1.99394654455779,0.982848043908457,0.678401795950863
4,2,1,3.99185705154548,2.00427266971904,0.943198830465703,0.471389506283234
5,2,1,5,1.98888148112373,0.983592627399664,0.297652803967251
-5,3,1,-5,3.00337045215867,0.999391555410053,0.186550069920432
-4,3,1,-4,2.99691081244154,1.05947055213757,0.31099219818684
-3,3,1,-3,3.03153719086535,0.997118835865307,0.459030429188487
-2,3,1,-2,2.9994401014836,0.953394883582437,0.62042910967785
-1,3,1,-1,3.02049829092609,0.97197345276399,0.726399290885975
0,3,1,-9.02861444461445e-17,3.05913487845711,1.01242455646975,0.789823789283934
1,3,1,1,3.00063458704768,0.973388799204774,0.828211439835312
2,3,1,2,3.01896202615813,1.01776937934448,0.819690075524681
3,3,1,3,2.95634927652419,1.00184135371872,0.705224869308269
4,3,1,4,2.96371571348146,0.956679693790588,0.498192208532102
5,3,1,5,3.06625981948057,1.08705993325544,0.330895402704731
-5,4,1,-5,3.96322514942332,1.04886239134736,0.155948603351752
-4,4,1,-4,3.99904063288663,1.0073343540792,0.25659385675033
-3,4,1,-3,3.99915831739382,0.992945099144801,0.372379700572154
-2,4,1,-2,4.00350092236899,0.968649782674332,0.507115726930201
-1,4,1,-1,3.9340206952804,0.949898519563201,0.608319130083479
0,4,1,-6.30365096059016e-16,4.02669033153823,1.09857100106603,0.673087759600039
1,4,1,1,3.99770410218906,0.982872929243078,0.71606934150223
2,4,1,2,3.93731876057553,0.958614388176014,0.723053456377128
3,4,1,3,3.99239699698113,0.916850596743232,0.681649563270762
4,4,1,4,3.97133844437522,1.01482111294533,0.532594084700575
5,4,1,5,3.99062149147956,0.972189348181904,0.344821335941959
-5,5,1,-5,4.96699650433938,0.969476094682683,0.117839435962324
-4,5,1,-4,5.07694190622479,1.03885917557256,0.184998755520186
-3,5,1,-3,5.04434278317526,1.11773986109864,0.285093307247715
-2,5,1,-2,5.02545821766432,1.01956707731402,0.383796329793202
-1,5,1,-1,5.00982929566051,0.97331024553845,0.466193341823996
0,5,1,-2.56984537816418e-16,5.01530842887354,0.985982707940537,0.539836742603106
1,5,1,0.999999999999999,5.02949322554697,1.02697955099593,0.584163364891663
2,5,1,2,5.00580018753039,1.07817272563502,0.616487705072004
3,5,1,3,4.98301980907982,0.92484133679764,0.590300776737645
4,5,1,4,4.96450590437067,0.995024480403706,0.525243353906757
5,5,1,5,5.05992224754859,1.0289297971565,0.374886836339914
-5,6,1,-5,6.12140372263874,1.0314033097544,0.0839694581131634
-4,6,1,-4,6.00430956155494,1.01302298700072,0.142947532413327
-3,6,1,-3,6.00265377322276,1.0008821412755,0.204533622714068
-2,6,1,-2,5.98521475456895,0.964175672109629,0.282131895323928
-1,6,1,-1,5.96932949273482,0.953127028170743,0.343350114942645
0,6,1,-8.67699705489611e-16,5.92742242902357,1.00844221178465,0.423247926234052
1,6,1,1,6.02039889799903,0.929767173912304,0.444356330539469
2,6,1,2,5.9889995610635,1.00945270661046,0.482348442426141
3,6,1,3,5.93710610519544,0.998822455870751,0.486963145988407
4,6,1,4,5.98744326579678,1.01938012074341,0.453867544226653
5,6,1,5,5.95669592709809,0.992273611538798,0.381731922442687
-5,0.5,2,-5,0.49900007562337,1.79472283125635,0.229057870468603
-4,0.5,2,-4,0.50550400455771,2.08494102591563,0.383022039570379
-3,0.5,2,-3,0.50608470745417,1.93676749006334,0.575552354374789
-2,0.5,2,-2,0.488343726450514,1.85760994221735,0.77270519441625
-1,0.5,2,-1,0.506970961438504,2.0445712698428,0.928312035008616
0,0.5,2,-3.02126918182979e-17,0.506602703422815,2.00552314493407,0.994263837920318
1,0.5,2,1,0.489343313471599,1.91418026244569,0.960962239955125
2,0.5,2,2,0.507114483274217,1.98516311860693,0.828340997813135
3,0.5,2,3,0.497629049507659,2.0238843032658,0.636480881478489
4,0.5,2,4,0.496596987711783,1.86877715851851,0.439574327224862
5,0.5,2,5,0.501107505106416,2.15638761632116,0.271160835619344
-5,1,2,-5,1.00710868459112,2.13289176097792,0.208701821526302
-4,1,2,-4,1.00037296507185,2.06483402939376,0.356216874501925
-3,1,2,-3,1.00898807237193,2.02666972967831,0.545236510683319
-2,1,2,-2,0.977329744082665,1.90715281347796,0.74486288148808
-1,1,2,-1,1.03162827115618,2.08636288166744,0.897934666406095
0,1,2,2.69781198181346e-17,0.984286969764087,1.98134669316182,0.978462327590699
1,1,2,0.997558607064359,0.985827843119225,1.97604311229185,0.97348558162683
2,1,2,2,1.00360178807461,2.07402599174969,0.851770493728595
3,1,2,3,1.01518367245534,2.06858571111714,0.670012562764353
4,1,2,4,0.974961839790451,1.83147983620761,0.466697466580091
5,1,2,5,0.983339397032628,1.9843662064864,0.292018932081689
-5,2,2,-5,2.0314191555509,2.08822269481606,0.171795512869266
-4,2,2,-4,2.0033074183894,1.99963346096937,0.302910337534996
-3,2,2,-3,1.99837962446797,1.99619958846624,0.475488677492588
-2,2,2,-2,1.95025298128942,1.78021016122932,0.661531981412629
-1,2,2,-1,1.97209437865036,1.89896699764281,0.814141896774593
0,2,2,-1.36051695083517e-16,2.02791721128584,2.05210574089215,0.91343116642154
1,2,2,1,1.97346243102326,1.96104395197173,0.965778848644492
2,2,2,1.98293796873135,2.01080016651468,1.99999196941412,0.90126651804492
3,2,2,3,1.95321969420636,1.87099747774102,0.727755147562537
4,2,2,4,2.02991776824383,1.96935891927189,0.531543008872125
5,2,2,5,2.0121657130645,2.0830451216478,0.343560936688561
-5,3,2,-5,3.00350726130164,1.78784085982622,0.133607215292607
-4,3,2,-4,3.02141813249336,2.06055485935411,0.243346222522864
-3,3,2,-3,3.04067393481062,2.06889145916276,0.384744960636251
-2,3,2,-2,2.98742219956595,1.86299830902282,0.549405770893496
-1,3,2,-1,3.00927278010192,1.96104813443345,0.697759245299027
0,3,2,-1.98681771989423e-16,3.0653153939087,2.03204193413814,0.809401212683002
1,3,2,1,3.04780928324546,2.18616819490726,0.895954804863876
2,3,2,2,3.05893193871367,2.03452340436182,0.939276038217751
3,3,2,3.0185586823437,2.99606343671223,1.94003902548937,0.778063238016072
4,3,2,4,3.02751348696074,2.08300710381526,0.587695549900218
5,3,2,5,2.91612654780779,1.913429871899,0.390035502906006
-5,4,2,-5,3.95651019221973,1.90260579188284,0.104423261071878
-4,4,2,-4,3.93755471327197,1.84739016735469,0.192113777124824
-3,4,2,-3,4.00013054507694,2.09104204096948,0.298985067917699
-2,4,2,-2,4.02079711596734,2.02960445553969,0.44094529755455
-1,4,2,-1,4.01709110261163,1.99408646561447,0.571944600438233
0,4,2,-7.35509309707227e-17,4.04751269775617,2.09130216685452,0.702791421806646
1,4,2,1,3.95824752373954,1.94913474984595,0.796879511295785
2,4,2,2,4.05947208331097,2.21360134081653,0.872051774226592
3,4,2,3,4.01974859054531,2.04831743936661,0.84251914574887
4,4,2,4.06911819584759,4.03075254190262,1.87125987422904,0.640864070525223
5,4,2,5,4.01470802276631,2.0304158487157,0.456410120080592
-5,5,2,-5,5.04749006705219,1.94170386396568,0.0686197667433246
-4,5,2,-4,5.10948118712869,2.01504559010506,0.131794741411597
-3,5,2,-3,5.11616224390014,2.10158704576695,0.215382215934301
-2,5,2,-2,5.01328004733658,2.11391560789378,0.339285088933516
-1,5,2,-1,4.99453848931775,2.12345564002412,0.4629784047273
0,5,2,1.25562320957284e-17,5.04492876866858,1.95698262810812,0.56861016072608
1,5,2,1,4.96984380783492,2.05491581699832,0.679762416715525
2,5,2,2,4.89040428744184,1.91463387207155,0.769025236576161
3,5,2,3,4.867985214698,1.80732300055865,0.832738120719161
4,5,2,4,5.03254522996128,1.95839297627789,0.712266968232859
5,5,2,5.00641727157151,5.00227419033236,1.98511752193159,0.527378387250326
-5,6,2,-5,5.91758717009954,1.93549531936855,0.0516111941441175
-4,6,2,-4,6.04301961687192,2.13849990305172,0.0907006098694656
-3,6,2,-3,6.05379961345967,1.91368974745965,0.149950433691562
-2,6,2,-2,5.96126326628817,1.9735682107352,0.247924997134145
-1,6,2,-1,6.02198244343759,1.96681038820504,0.336406934796189
0,6,2,2.07763927589921e-16,6.03609182353318,1.99361116721698,0.440629175212921
1,6,2,1,6.17364187389015,2.11419265351251,0.541153767494372
2,6,2,2,5.86518592026496,2.07415049116484,0.658408870268604
3,6,2,3,6.03837818466561,1.86762769032121,0.708118361740037
4,6,2,4,6.02060703424907,2.06604055952033,0.75789638891734
5,6,2,5,5.94747790357252,1.90282813318949,0.57796139065976
-5,0.5,3,-5,0.481059391550304,2.83488072970272,0.223910517479434
-4,0.5,3,-4,0.503137218865008,3.00733719495376,0.375775972425069
-3,0.5,3,-3,0.490432354856875,2.9687037129891,0.567516658397067
-2,0.5,3,-2,0.492460922027355,2.9023967514769,0.765000257946868
-1,0.5,3,-1,0.495439201314787,3.02923349835596,0.92343816475871
0,0.5,3,0.326158784363253,0.492313789313393,3.17499620484627,0.999087235438529
1,0.5,3,1,0.505329199481769,2.94866077039676,0.965283528689383
2,0.5,3,2,0.496033388722962,2.93205439533187,0.835510677390212
3,0.5,3,3,0.49304325230639,2.98048103084348,0.646136466335633
4,0.5,3,4,0.485435675866584,2.68868225410776,0.447599830270237
5,0.5,3,5,0.497823290142921,2.88838920336201,0.277600415697241
-5,1,3,-5,0.984863052172366,2.98100768849929,0.199067384267562
-4,1,3,-4,1.00344161397378,3.15277066215315,0.341596837784635
-3,1,3,-3,0.957164336387219,2.82224558302617,0.528516070833466
-2,1,3,-2,1.03443168363294,3.00464200114323,0.722384918150725
-1,1,3,-1,0.98993034184731,2.8590948807119,0.891615710149572
0,1,3,4.23077371747294e-19,1.04421891378596,3.1830583046448,0.980799347398966
1,1,3,0.662025413891792,0.991973337494927,2.96871772379044,0.996055818834979
2,1,3,2,0.976110075446844,2.8117160106999,0.865579343902528
3,1,3,3,0.996017407088941,3.08601162634813,0.685792927565403
4,1,3,4,1.02411032347766,2.89948487690405,0.487965193249137
5,1,3,5,1.00443975887814,2.85927080341854,0.310075332849135
-5,2,3,-5,1.95089924353474,2.99326771972694,0.15643552457935
-4,2,3,-4,2.03965097280192,3.32160822198438,0.275270237994395
-3,2,3,-3,1.95741189799074,3.20304472448128,0.451046317225005
-2,2,3,-2,2.05692377955881,3.06684399884691,0.626058382202301
-1,2,3,-1,2.08106655448369,3.37355649953245,0.800867310644609
0,2,3,5.48909659045527e-17,2.04615578651305,3.07632553780713,0.929080761165108
1,2,3,1.3149100089769,1.99823406921182,3.07082231905974,0.984564098111533
2,2,3,2,2.02709540051669,3.07193124908729,0.919481665140575
3,2,3,3,2.0581050325152,3.08508615093547,0.765678506579513
4,2,3,4,1.93866025943164,2.79127154334632,0.558610528044551
5,2,3,5,2.05959061649136,2.94300840960126,0.377276583784465
-5,3,3,-5,3.04597455958406,2.89729748868031,0.113166901833946
-4,3,3,-4,2.96194373250402,2.89595762153571,0.214559838679205
-3,3,3,-3,2.97854871473793,3.19203312657506,0.357250798126052
-2,3,3,-2,3.02931386541731,2.97691123907625,0.523818025758895
-1,3,3,-1,3.00682760523851,2.80523169549814,0.692705383521804
0,3,3,5.22556390519791e-17,3.05841802711751,3.01249690858561,0.846224864140054
1,3,3,1,2.94897549031442,2.81001671861879,0.952581286104753
2,3,3,1.96927821605313,2.96131715065931,2.95766759945353,0.965148381788344
3,3,3,3,3.02991315723944,3.01269846984013,0.834840469122808
4,3,3,4,2.97025958485447,3.13076246796676,0.641026806944423
5,3,3,5,3.03110015779259,3.08220855531005,0.446013064050851
-5,4,3,-5,4.01468989885326,2.79447197123239,0.0793177434527188
-4,4,3,-4,4.00215020748592,2.84789236526074,0.156493730406562
-3,4,3,-3,3.9091885572694,2.99357672999437,0.275309916510164
-2,4,3,-2,4.13757993015055,2.97134657756822,0.403660495701637
-1,4,3,-1,4.01154694503025,3.0330091500848,0.583772616025839
0,4,3,-2.14781165942812e-16,4.0314747443385,3.11413341586252,0.752703567613898
1,4,3,1,3.94201736587523,2.907750231137,0.887598670705908
2,4,3,2,3.94623312411055,2.96333557824438,0.978181643240773
3,4,3,2.61728443778658,3.99299145146832,3.0601893221896,0.940557405947297
4,4,3,4,3.995414254537,2.9531219000995,0.726295575394656
5,4,3,5,3.90448526006205,2.78016155973665,0.521251471415543
-5,5,3,-5,4.97263622303023,2.84856360742409,0.0555782006473082
-4,5,3,-4,4.87343740303796,2.76521267183146,0.113341503317896
-3,5,3,-3,4.87532375993815,2.86695458636022,0.205190831164417
-2,5,3,-2,5.0868908494344,3.12887497273383,0.32140480281518
-1,5,3,-1,5.08260211966846,3.02516417342775,0.464461265312187
0,5,3,1.42987770061775e-16,4.98479622107371,3.06765246152655,0.636409983814049
1,5,3,1,5.10786547027271,3.02319555400279,0.781713614215765
2,5,3,2,5.05381112136354,3.15879670679003,0.916914948831787
3,5,3,3.35068811244493,5.00478065990104,2.89091978902797,0.898647107528891
4,5,3,4,4.74468614126976,2.61199525472083,0.779009474147438
5,5,3,5,4.78459743623482,2.97611755281942,0.586341689320214
-5,6,3,-5,6.0937143288456,3.04661640987381,0.035877225764758
-4,6,3,-4,5.96683414613957,2.80954816875216,0.075861347571602
-3,6,3,-3,6.01216263636176,3.47296445381264,0.149222426572216
-2,6,3,-2,6.01527873046456,3.08593578169914,0.243376484904156
-1,6,3,-1,5.92367547015818,2.98613017302912,0.37680713820903
0,6,3,-3.16292131374851e-16,6.10372316782547,2.83904469366528,0.503616844359322
1,6,3,1,6.00193199076478,2.97568632194334,0.680941206798783
2,6,3,2,5.8515013305932,2.70508303732255,0.836491215706321
3,6,3,3,6.09045165377528,2.87313799383968,0.939302543321793
4,6,3,4.17903847367119,6.27310516385729,2.98331132002937,0.850765403783438
5,6,3,5,6.06745013589332,2.95849310469302,0.691149590925058
-5,0.5,4,-5,0.513765299935093,3.63765763333721,0.220396945917837
-4,0.5,4,-4,0.489264519821913,3.88211295032132,0.374783323413422
-3,0.5,4,-3,0.478798667908175,4.059786607649,0.566878080222542
-2,0.5,4,-2,0.501066213978776,3.84733149905191,0.762231231433161
-1,0.5,4,-1,0.491450539060225,4.32922049573294,0.922451898369405
0,0.5,4,0.243926152211729,0.483608721853027,4.01666037451107,0.999901228013138
1,0.5,4,1,0.511079601667247,4.18103181011172,0.965851125754446
2,0.5,4,2,0.490551313316348,3.80099429684819,0.835691141238073
3,0.5,4,3,0.503085099865264,4.33910267545932,0.648165650217207
4,0.5,4,4,0.498350782310778,3.83186532593784,0.449334141254615
5,0.5,4,5,0.505242480740236,4.21101475213301,0.279101846060451
-5,1,4,-5,0.978035954903697,3.73718907116938,0.196554494268421
-4,1,4,-4,1.03260337011507,4.38948139490214,0.336498781451975
-3,1,4,-3,1.01341424753848,4.18293930298459,0.523702466679761
-2,1,4,-2,0.988016024321203,3.75183135130481,0.723111517696305
-1,1,4,-1,0.995565745535879,4.33839428199974,0.892662723399783
0,1,4,-4.5374072337942e-17,1.01524669038825,3.75401526689062,0.986695297657241
1,1,4,1,0.995261200505448,4.15665026814828,0.98061544234032
2,1,4,2,1.00308131576967,3.71140523813754,0.870460874811327
3,1,4,3,1.01086007818389,3.97267558687062,0.690869335168284
4,1,4,4,1.01912525663353,3.91465912412085,0.491655744016422
5,1,4,5,1.01253955408251,3.9465264181265,0.311111875768074
-5,2,4,-5,1.92603939264721,3.77533468960965,0.153202074610633
-4,2,4,-4,2.07678054830917,4.56343800707444,0.271885935736138
-3,2,4,-3,2.06209596824672,4.07058358544092,0.435280009441575
-2,2,4,-2,1.9716918284528,3.89525763883573,0.633414680340819
-1,2,4,-1,1.98709922296827,4.2832999520508,0.822638876363971
0,2,4,5.92183366145832e-17,2.04471477989646,4.42228451264159,0.949010904703745
1,2,4,0.994651428810374,2.0143989416136,4.04206270821157,0.998187155614952
2,2,4,2,1.99745258396572,3.79735924064293,0.927262285715057
3,2,4,3,1.98249534888678,3.89028587865933,0.767041043406185
4,2,4,4,1.97357065903394,4.02259762457615,0.567095549537661
5,2,4,5,2.0477319226029,3.89713678757757,0.383592740569018
-5,3,4,-5,2.80195676685694,3.44124224298887,0.115695467060924
-4,3,4,-4,3.00118555606098,4.18065531844575,0.212600625630778
-3,3,4,-3,2.95615978503694,4.01956902558476,0.357679135926235
-2,3,4,-2,2.90518291579742,3.85994359477756,0.542269261365961
-1,3,4,-1,2.99887968233861,4.55316146318919,0.735955755555681
0,3,4,8.76684792469606e-17,3.05163145245776,4.01752929441908,0.886562206963419
1,3,4,1.47674752397375,2.92123384982566,3.59180255398092,0.996472446080323
2,3,4,1.50962240982537,3.0579496246533,4.00044192916175,0.996335146137411
3,3,4,3,2.99703354237368,4.18906495436354,0.840540876707725
4,3,4,4,3.12467849560467,3.82196597127,0.661687208079207
5,3,4,5,2.97834517680154,3.71058217544018,0.460340234023227
-5,4,4,-5,3.91723259771281,3.88642795619742,0.0841696305287551
-4,4,4,-4,3.95550479352775,3.91555782670831,0.162473976047492
-3,4,4,-3,3.9201809044214,3.56205169717412,0.278184419619996
-2,4,4,-2,4.09628588305364,3.97619311433368,0.44166458604424
-1,4,4,-1,3.93862788050102,4.01830490545155,0.640030322171763
0,4,4,7.48603436184769e-17,3.98619416192661,4.00926920597455,0.819778601833558
1,4,4,1,3.97575347426807,4.34658655700815,0.948913730746661
2,4,4,2.10468553066554,4.19687032651349,3.88217991784194,0.992596558484451
3,4,4,3,4.00977015803688,4.10073897352222,0.901956098492567
4,4,4,4,3.78506369070749,3.6568208065796,0.726668436281328
5,4,4,5,3.87301851228237,3.6391416558389,0.52573077665407
-5,5,4,-5,4.91911323948029,3.63453467931519,0.0565170191922201
-4,5,4,-4,5.07924103364918,5.04840729522688,0.11794098573116
-3,5,4,-3,4.93309687323817,3.62734322071722,0.212583213360991
-2,5,4,-2,4.89310430239507,4.04949605897892,0.365542335053116
-1,5,4,-1,5.0907944793506,3.65839073628335,0.529281907689871
0,5,4,-1.60480526437134e-16,5.10440291099471,3.78218670023054,0.706641961428164
1,5,4,1,5.05761510106552,4.16658927372839,0.887144952472614
2,5,4,2,5.04184563132674,3.85474281439657,0.984024307466563
3,5,4,2.60556427420061,5.31381018446135,4.13190874990737,0.989977201351907
4,5,4,4,5.02992193285353,3.8148667466212,0.814160933956038
5,5,4,5,4.92379538497698,3.64336650974592,0.617244431924799
-5,6,4,-5,6.09314084935728,4.01956489985742,0.0368111548087263
-4,6,4,-4,5.83015518022433,3.97008993821927,0.0880810000105998
-3,6,4,-3,6.27530551829555,4.36766224030092,0.159563806578965
-2,6,4,-2,5.98422048024311,3.9269891513782,0.283045744546969
-1,6,4,-1,5.93231271846926,4.02939710425388,0.450885242537965
0,6,4,3.33087724069259e-17,5.90733511987855,3.8182687487654,0.625541490741949
1,6,4,1,6.37490282871982,4.26463150921511,0.791347351099042
2,6,4,2,5.95030979833279,3.82977992156862,0.948412804158089
3,6,4,2.85802176595296,5.64541248780945,3.75803118180853,0.98497514328049
4,6,4,4,5.81013616918336,3.94028964816313,0.869539045227341
5,6,4,5,5.8828326398768,4.20301414720813,0.688279655474434
-5,0.5,5,-5,0.474379174117064,5.05640928962561,0.225014010218686
-4,0.5,5,-4,0.468198697325325,4.80805105753858,0.378704931141294
-3,0.5,5,-3,0.496214633037287,5.14164402709553,0.56890992912654
-2,0.5,5,-2,0.512476126710117,5.30484497546552,0.766326982993819
-1,0.5,5,-1,0.478746982094792,4.82971460409939,0.924986232750327
0,0.5,5,0.198284128676243,0.491209518499111,5.05390251014526,0.999993923851114
1,0.5,5,1,0.500668252923811,4.98984809405264,0.964172721369307
2,0.5,5,2,0.471509421006382,4.53678605439016,0.832376278149368
3,0.5,5,3,0.485791966188788,4.98311673333075,0.643914624689725
4,0.5,5,4,0.498362362388505,4.51329797315653,0.44695638807567
5,0.5,5,5,0.497725005845067,5.24172407856373,0.276326699126001
-5,1,5,-5,1.04040798957295,5.69124382022399,0.200324096403877
-4,1,5,-4,0.986004316835294,4.90521929112921,0.344087610158333
-3,1,5,-3,1.05973414979335,5.61008333377175,0.527533237724148
-2,1,5,-2,0.995766784109966,5.06093211145169,0.72945165671875
-1,1,5,-1,0.996253795564209,4.819382380595,0.899338529366994
0,1,5,0.401261154589571,0.999939898783045,5.0582983746886,0.999969623955711
1,1,5,1,0.944723522740088,4.65250204432047,0.977880918124459
2,1,5,2,0.955472715005108,5.17657850739478,0.861842785146575
3,1,5,3,1.04828757235125,5.23078199611647,0.684274173088406
4,1,5,4,0.983928292552188,4.48470226842037,0.482481587674375
5,1,5,5,0.971326451836692,4.68718530785425,0.304490376939224
-5,2,5,-5,1.97403223741391,4.63807294337151,0.158426022789583
-4,2,5,-4,1.94111833308641,4.77196798805568,0.287048257189107
-3,2,5,-3,2.02077794794865,5.09859383937496,0.455636752824261
-2,2,5,-2,1.98513215082072,5.08835842780109,0.651072403956851
-1,2,5,-1,1.9373058156377,4.26041410334728,0.836334002112423
0,2,5,4.80540086889025e-18,1.91803141878207,4.54910736420809,0.966231069358426
1,2,5,0.793628612361091,1.96966715546043,5.08293665603006,0.999900168755659
2,2,5,2,2.09163353824877,5.47179285106533,0.918421012036991
3,2,5,3,1.95308363656024,5.09018649437848,0.752114986283229
4,2,5,4,1.92931252986391,5.04459590300435,0.554131838077404
5,2,5,5,1.96872613012813,5.15179273810772,0.364778507433787
-5,3,5,-5,2.93826817732255,4.49056053472701,0.1216409068632
-4,3,5,-4,3.10532645138769,5.36487568887645,0.22496606431215
-3,3,5,-3,3.01822603300802,4.8363004801146,0.379500010466523
-2,3,5,-2,3.10829635740886,5.00582790406564,0.564493120577827
-1,3,5,-1,3.01684282117867,4.57138789720641,0.760922303314043
0,3,5,9.34142520281345e-17,3.07017527209382,5.06663051937658,0.92013499615774
1,3,5,1.21533756316162,3.04969764389627,4.91067855958835,0.999786676616352
2,3,5,2,2.93263305267665,5.10666552011753,0.955454327821383
3,3,5,3,3.11848447030975,5.70335907490991,0.821196537627155
4,3,5,4,2.97038532152659,5.11062341794918,0.630591897912971
5,3,5,5,3.02865551789951,4.67498608662626,0.443412872804581
-5,4,5,-5,3.9681389988042,5.09422816576658,0.0935553991653587
-4,4,5,-4,3.89284489154072,4.98681186211532,0.186422643258766
-3,4,5,-3,4.11609692905823,4.99392127263786,0.309303960663637
-2,4,5,-2,3.94782767474019,5.41316622953079,0.496789140594226
-1,4,5,-1,4.04529219668479,5.16217533489677,0.69344683832869
0,4,5,3.39644328287148e-17,3.99873916608884,4.83254066603209,0.868176089600083
1,4,5,1,4.08107687681631,4.93707551647747,0.979329189547102
2,4,5,1.52402109510658,3.75147288309958,4.70474988614332,0.999584562518073
3,4,5,3,3.90105211414732,4.65374934150864,0.882872976515154
4,4,5,4,3.97016372222109,5.44707737990025,0.708540940279257
5,4,5,5,3.91492886769984,4.46732001854484,0.514165303816027
-5,5,5,-5,5.0219851856592,4.79109498694811,0.0692989410538668
-4,5,5,-4,5.00556237293178,4.82341921504212,0.136714451903779
-3,5,5,-3,5.25718715743554,5.15961474685406,0.244999645988698
-2,5,5,-2,5.03246298233014,5.34040557136597,0.415488106571765
-1,5,5,-1,4.96234788309928,4.99545219904999,0.62186885039085
0,5,5,-1.16479395573243e-16,4.96324426724458,4.72196484945415,0.803106909442273
1,5,5,1,4.87250520751973,4.91602181471903,0.954027826124325
2,5,5,2.107259634169,5.15248747624944,4.87214887291605,0.999265613761334
3,5,5,3,4.92709271490657,4.66671510948664,0.936394548397546
4,5,5,4,4.95592427033402,4.70331087096966,0.78480198804121
5,5,5,5,4.86999984640233,4.8400230607056,0.581862851529127
-5,6,5,-5,5.6586698939525,4.52199679635615,0.0531450591202289
-4,6,5,-4,6.01276105977513,4.84104566802041,0.106300651678317
-3,6,5,-3,5.89701638139785,4.91789805450566,0.205528411505786
-2,6,5,-2,6.03628696147617,5.33633476866993,0.349532704674182
-1,6,5,-1,5.98470894306507,4.44848586844921,0.526124451873942
0,6,5,1.00639353621534e-16,6.14282520334305,5.84223029836007,0.736657872837682
1,6,5,1,5.93871077313507,4.76131593521386,0.894465026473794
2,6,5,2.37887875966391,5.8150933608465,4.56264635377689,0.999094898921373
3,6,5,3,6.10944868439744,4.90781157791832,0.972525518068912
4,6,5,4,6.17765730720205,5.60982582480696,0.852404254265834
5,6,5,5,6.06448345976292,4.76651664778153,0.665268751632895
